"","rmse","max_depth","gamma","subsample","colsample_bytree"
"16",0.135290565736056,10,0,0.8,0.1
"18",0.113880634623311,6,0,0.2,0.25
"4",0.124389859982615,10,0,0.2,0.1
"33",0.114382287158917,4,0,0.2,0.4
"7",0.127794308606369,8,0,0.4,0.1
"3",0.120805285978448,8,0,0.2,0.1
"35",0.116613573988873,8,0,0.2,0.4
"10",0.127346720207105,6,0,0.6,0.1
"34",0.118946059520633,6,0,0.2,0.4
"6",0.121794025953206,6,0,0.4,0.1
